ä®íËïÚçsÅFì`ï[ãÊêÿ,G/L Account,édñÛì˙,ê\êøì˙,édñÛÉfÅ[É^ê∂ê¨ì˙,ì`ï[No.,éÿï˚ÅFä®íËâ»ñ⁄ÅFâÔåvòAåg?ñ⁄,éÿï˚ÅFï‚?â»ñ⁄ÅFâÔåvòAåg?ñ⁄,,,ä∑éZëOäz,íPà ,éÿï˚ÅF?íS?ñÂÅFâÔåvòAåg?ñ⁄,ê\êøé“CD/éxï•êÊCD,éxï•êÊCD,ìEóv,Ét?Å[ÇQ(ñæç◊),Receipt/Invoice Note(ñæç◊),Receipt/Invoice No.(ñæç◊),éÿï˚ÅF?íS?ñÂÉRÅ[Éh,îıçl
,Vendor,édñÛì˙,ê\êøì˙,édñÛÉfÅ[É^ê∂ê¨ì˙,ì`ï[No.,,,ë›ï˚ÅFä®íËâ»ñ⁄ÅFâÔåvòAåg?ñ⁄,ë›ï˚ÅFï‚?â»ñ⁄ÅFâÔåvòAåg?ñ⁄,ä∑éZëOäz,íPà ,éÿï˚ÅF?íS?ñÂÅFâÔåvòAåg?ñ⁄,ê\êøé“CD/éxï•êÊCD,éxï•êÊCD,ìEóv,Ét?Å[ÇQ(ñæç◊),Receipt/Invoice Note(ñæç◊),Receipt/Invoice No.(ñæç◊),éÿï˚ÅF?íS?ñÂÉRÅ[Éh,îıçl
*,G/L Account,2025/4/12,2025/5/23,2025/6/23,OBA-0000026,72600-10,72600-10,,,6846,NTD,VCA.1342G,10126,,"è]ã∆àıóßë÷ OBA-0000026 Johan Veenstra  Per diem: Taiwan (NTD 1,630 per day)",,"Flight to Taipei for Sales Training and Strategy Sessions
Flight departure DFW April 13th 
Layover SFO
Departure back to DFW April 19th 
7 days * 978 NTD =  NTD 6,846",,VCA.1342G,Hotel Taiwan for Sales Training & Strategy session April 15th-18th
,Vendor,2025/4/12,2025/5/23,2025/6/23,OBA-0000026,,,32200-10,32200-10,6846,NTD,VCA.1342G,10126,,"è]ã∆àıóßë÷ OBA-0000026 Johan Veenstra  Per diem: Taiwan (NTD 1,630 per day)",,"Flight to Taipei for Sales Training and Strategy Sessions
Flight departure DFW April 13th 
Layover SFO
Departure back to DFW April 19th 
7 days * 978 NTD =  NTD 6,846",,VCA.1342G,Hotel Taiwan for Sales Training & Strategy session April 15th-18th
,G/L Account,2025/4/12,2025/5/23,2025/6/23,OBA-0000026,72600-10,72600-10,,,85.04,R-USD,VCA.1342G,10126,,è]ã∆àıóßë÷ OBA-0000026 Johan Veenstra  Overseas Travel (Other Travel Costs),,Parking at DFW airport whilst in Taipei for sales training / strategy session CW16,,VCA.1342G,Hotel Taiwan for Sales Training & Strategy session April 15th-18th
,Vendor,2025/4/12,2025/5/23,2025/6/23,OBA-0000026,,,32200-10,32200-10,85.04,R-USD,VCA.1342G,10126,,è]ã∆àıóßë÷ OBA-0000026 Johan Veenstra  Overseas Travel (Other Travel Costs),,Parking at DFW airport whilst in Taipei for sales training / strategy session CW16,,VCA.1342G,Hotel Taiwan for Sales Training & Strategy session April 15th-18th
,G/L Account,2025/4/19,2025/5/23,2025/6/23,OBA-0000026,72600-10,72600-10,,,945.65,R-USD,VCA.1342G,10126,,è]ã∆àıóßë÷ OBA-0000026 Johan Veenstra  Overseas Travel (Hotel Accommodation),,"-USD 945.65
-Hotel stay sales training & strategy session CW16",,VCA.1342G,Hotel Taiwan for Sales Training & Strategy session April 15th-18th
,Vendor,2025/4/19,2025/5/23,2025/6/23,OBA-0000026,,,32200-10,32200-10,945.65,R-USD,VCA.1342G,10126,,è]ã∆àıóßë÷ OBA-0000026 Johan Veenstra  Overseas Travel (Hotel Accommodation),,"-USD 945.65
-Hotel stay sales training & strategy session CW16",,VCA.1342G,Hotel Taiwan for Sales Training & Strategy session April 15th-18th
,G/L Account,2025/4/23,2025/6/9,2025/6/23,VPA-0000189,75512-10,,,,205,R-USD,VCA.1342G,10091,,VPA-0000189   Marketing Expense - Event - Trade shows/Road show,,MEMA Purchasing supplier summit with Automotive OEM,20250423,VCA.1342G,Sales Expenses for April 23 to May 30th
,Vendor,2025/4/23,2025/6/9,2025/6/23,VPA-0000189,,,32200-10,32200-10,205,R-USD,VCA.1342G,10091,,VPA-0000189   Marketing Expense - Event - Trade shows/Road show,,MEMA Purchasing supplier summit with Automotive OEM,20250423,VCA.1342G,Sales Expenses for April 23 to May 30th
,G/L Account,2025/4/26,2025/4/28,2025/6/23,VPA-0000131,72600-10,72600-30,,,161.99,R-USD,VCA.1342G,10126,,"VPA-0000131   Domestic Travel - Local Airfare, Train, High Speed Rail",,Spirit Airlines Flight DFW to DTW May 20th to attend ESCAR USA Confernece (May20th-22nd),20240426,VCA.1342G,"Flights to DTW/Home to attend ESCAR USA May 20th-22nd (CW21) 
There: Spirit Airlines DFW to DTW May 20th 
Return: Delta Airlines DTW to JAX May 22nd"
,Vendor,2025/4/26,2025/4/28,2025/6/23,VPA-0000131,,,32200-10,32200-10,161.99,R-USD,VCA.1342G,10126,,"VPA-0000131   Domestic Travel - Local Airfare, Train, High Speed Rail",,Spirit Airlines Flight DFW to DTW May 20th to attend ESCAR USA Confernece (May20th-22nd),20240426,VCA.1342G,"Flights to DTW/Home to attend ESCAR USA May 20th-22nd (CW21) 
There: Spirit Airlines DFW to DTW May 20th 
Return: Delta Airlines DTW to JAX May 22nd"
,G/L Account,2025/4/26,2025/4/28,2025/6/23,VPA-0000131,72600-10,72600-30,,,348.49,R-USD,VCA.1342G,10126,,"VPA-0000131   Domestic Travel - Local Airfare, Train, High Speed Rail",,"Return flight Delta Airlines DTW -> JAX (Attending ESCAR USA Conference May 20th-22nd in Detroit Area)
- 348.49 USD",20250426,VCA.1342G,"Flights to DTW/Home to attend ESCAR USA May 20th-22nd (CW21) 
There: Spirit Airlines DFW to DTW May 20th 
Return: Delta Airlines DTW to JAX May 22nd"
,Vendor,2025/4/26,2025/4/28,2025/6/23,VPA-0000131,,,32200-10,32200-10,348.49,R-USD,VCA.1342G,10126,,"VPA-0000131   Domestic Travel - Local Airfare, Train, High Speed Rail",,"Return flight Delta Airlines DTW -> JAX (Attending ESCAR USA Conference May 20th-22nd in Detroit Area)
- 348.49 USD",20250426,VCA.1342G,"Flights to DTW/Home to attend ESCAR USA May 20th-22nd (CW21) 
There: Spirit Airlines DFW to DTW May 20th 
Return: Delta Airlines DTW to JAX May 22nd"
,G/L Account,2025/4/28,2025/5/23,2025/6/23,OBA-0000031,72600-10,72600-10,,,688.5,R-USD,VCA.1342G,10126,,è]ã∆àıóßë÷ OBA-0000031 Johan Veenstra  Overseas Travel (Airfare),,"JETBLUE Flight to Europe for Power2Drive Munich and AUTO ISAC Gothenburg Conference
- Power2drive May 6&7
- AUTO ISAC conference 7&8",,VCA.1342G,"Flight, hotel and subsistence for travel to Power2Drive conference in Munich & AUTO ISAC conference in Gothenburg CW19 2025 (NOTE currency is USD - but RAKURAKU gives me an error when selecting any other currency)"
,Vendor,2025/4/28,2025/5/23,2025/6/23,OBA-0000031,,,32200-10,32200-10,688.5,R-USD,VCA.1342G,10126,,è]ã∆àıóßë÷ OBA-0000031 Johan Veenstra  Overseas Travel (Airfare),,"JETBLUE Flight to Europe for Power2Drive Munich and AUTO ISAC Gothenburg Conference
- Power2drive May 6&7
- AUTO ISAC conference 7&8",,VCA.1342G,"Flight, hotel and subsistence for travel to Power2Drive conference in Munich & AUTO ISAC conference in Gothenburg CW19 2025 (NOTE currency is USD - but RAKURAKU gives me an error when selecting any other currency)"
,G/L Account,2025/4/28,2025/5/23,2025/6/23,OBA-0000031,72600-10,72600-10,,,1127.39,R-USD,VCA.1342G,10126,,è]ã∆àıóßë÷ OBA-0000031 Johan Veenstra  Overseas Travel (Airfare),,FINN AIR Return flight Stockholm-Dallas Fort Worth Airport,,VCA.1342G,"Flight, hotel and subsistence for travel to Power2Drive conference in Munich & AUTO ISAC conference in Gothenburg CW19 2025 (NOTE currency is USD - but RAKURAKU gives me an error when selecting any other currency)"
,Vendor,2025/4/28,2025/5/23,2025/6/23,OBA-0000031,,,32200-10,32200-10,1127.39,R-USD,VCA.1342G,10126,,è]ã∆àıóßë÷ OBA-0000031 Johan Veenstra  Overseas Travel (Airfare),,FINN AIR Return flight Stockholm-Dallas Fort Worth Airport,,VCA.1342G,"Flight, hotel and subsistence for travel to Power2Drive conference in Munich & AUTO ISAC conference in Gothenburg CW19 2025 (NOTE currency is USD - but RAKURAKU gives me an error when selecting any other currency)"
,G/L Account,2025/4/29,2025/6/9,2025/6/23,VPA-0000189,73300-40,,,,13.99,R-USD,VCA.1342G,10091,,VPA-0000189   Business Entertainment (Activity/Meal/Gift with Customer),,Coffee with Daren Shelcusky,20250508,VCA.1342G,Sales Expenses for April 23 to May 30th
,Vendor,2025/4/29,2025/6/9,2025/6/23,VPA-0000189,,,32200-10,32200-10,13.99,R-USD,VCA.1342G,10091,,VPA-0000189   Business Entertainment (Activity/Meal/Gift with Customer),,Coffee with Daren Shelcusky,20250508,VCA.1342G,Sales Expenses for April 23 to May 30th
,G/L Account,2025/4/30,2025/6/14,2025/6/23,APA-0000531,74120-10,,,,2000,R-USD,VCA.1751G,10119,V-US00004,"APA-0000531 UHY ADVISORS, INC. Audit, Tax, Accounting Service",,"2024 Form 1120-F tax compliance, done and submitted on 04.15",640510070,VCA.1751G,"2024 Form 1120-F tax compliance, done and submitted on 04.15"
,Vendor,2025/4/30,2025/6/14,2025/6/23,APA-0000531,,,31200-10,31200-10,2000,R-USD,VCA.1751G,10119,V-US00004,"APA-0000531 UHY ADVISORS, INC. Audit, Tax, Accounting Service",,"2024 Form 1120-F tax compliance, done and submitted on 04.15",640510070,VCA.1751G,"2024 Form 1120-F tax compliance, done and submitted on 04.15"
,G/L Account,2025/5/2,2025/6/9,2025/6/23,VPA-0000189,73300-40,,,,126,R-USD,VCA.1342G,10091,,VPA-0000189   Business Entertainment (Activity/Meal/Gift with Customer),,"Lunch with Bill Mazzara Stellantis, Darren Shelcusky Ford, Ty Benson ZF",20250502,VCA.1342G,Sales Expenses for April 23 to May 30th
,Vendor,2025/5/2,2025/6/9,2025/6/23,VPA-0000189,,,32200-10,32200-10,126,R-USD,VCA.1342G,10091,,VPA-0000189   Business Entertainment (Activity/Meal/Gift with Customer),,"Lunch with Bill Mazzara Stellantis, Darren Shelcusky Ford, Ty Benson ZF",20250502,VCA.1342G,Sales Expenses for April 23 to May 30th
,G/L Account,2025/5/2,2025/6/9,2025/6/23,VPA-0000189,72700-10,,,,135.92,R-USD,VCA.1342G,10091,,"VPA-0000189   Telephone, Mobile Phone Call",,Mobile Phone,20250502,VCA.1342G,Sales Expenses for April 23 to May 30th
,Vendor,2025/5/2,2025/6/9,2025/6/23,VPA-0000189,,,32200-10,32200-10,135.92,R-USD,VCA.1342G,10091,,"VPA-0000189   Telephone, Mobile Phone Call",,Mobile Phone,20250502,VCA.1342G,Sales Expenses for April 23 to May 30th
,G/L Account,2025/5/3,2025/6/9,2025/6/23,VPA-0000189,74700-10,,,,66.95,R-USD,VCA.1342G,10091,,VPA-0000189   Office Rental,,Bamboo Shared Office,20250503,VCA.1342G,Sales Expenses for April 23 to May 30th
,Vendor,2025/5/3,2025/6/9,2025/6/23,VPA-0000189,,,32200-10,32200-10,66.95,R-USD,VCA.1342G,10091,,VPA-0000189   Office Rental,,Bamboo Shared Office,20250503,VCA.1342G,Sales Expenses for April 23 to May 30th
,G/L Account,2025/5/3,2025/6/10,2025/6/23,VPA-0000194,74200-10,,,,119.99,R-USD,VCA.1342G,10100,,"VPA-0000194   Subscription - Membership, Books, Educational Material",,LinkedIn Sales Navigator May Invoice,10197859108,VCA.1342G,May Expense Report (ESCAR US + MEMA Purchasing Summit + Customer Mtgs)
,Vendor,2025/5/3,2025/6/10,2025/6/23,VPA-0000194,,,32200-10,32200-10,119.99,R-USD,VCA.1342G,10100,,"VPA-0000194   Subscription - Membership, Books, Educational Material",,LinkedIn Sales Navigator May Invoice,10197859108,VCA.1342G,May Expense Report (ESCAR US + MEMA Purchasing Summit + Customer Mtgs)
,G/L Account,2025/5/5,2025/5/23,2025/6/23,OBA-0000031,72600-10,72600-10,,,109.45,R-USD,VCA.1342G,10126,,"è]ã∆àıóßë÷ OBA-0000031 Johan Veenstra  Overseas Travel (Airport Tax, Taxi, Train, Bus fare)",,ICE TRain Travel from Frankfurt to Munich by Train to get to Power2Drive conference,,VCA.1342G,"Flight, hotel and subsistence for travel to Power2Drive conference in Munich & AUTO ISAC conference in Gothenburg CW19 2025 (NOTE currency is USD - but RAKURAKU gives me an error when selecting any other currency)"
,Vendor,2025/5/5,2025/5/23,2025/6/23,OBA-0000031,,,32200-10,32200-10,109.45,R-USD,VCA.1342G,10126,,"è]ã∆àıóßë÷ OBA-0000031 Johan Veenstra  Overseas Travel (Airport Tax, Taxi, Train, Bus fare)",,ICE TRain Travel from Frankfurt to Munich by Train to get to Power2Drive conference,,VCA.1342G,"Flight, hotel and subsistence for travel to Power2Drive conference in Munich & AUTO ISAC conference in Gothenburg CW19 2025 (NOTE currency is USD - but RAKURAKU gives me an error when selecting any other currency)"
,G/L Account,2025/5/6,2025/5/23,2025/6/23,OBA-0000031,72600-10,72600-10,,,190,R-EUR,VCA.1342G,10126,,è]ã∆àıóßë÷ OBA-0000031 Johan Veenstra  Per diem: Europe (EUR 50 per day),,"50 Euro Per Diem - Tuesday, Wednesday, Thursday 80% (breakfast included, Friday",,VCA.1342G,"Flight, hotel and subsistence for travel to Power2Drive conference in Munich & AUTO ISAC conference in Gothenburg CW19 2025 (NOTE currency is USD - but RAKURAKU gives me an error when selecting any other currency)"
,Vendor,2025/5/6,2025/5/23,2025/6/23,OBA-0000031,,,32200-10,32200-10,190,R-EUR,VCA.1342G,10126,,è]ã∆àıóßë÷ OBA-0000031 Johan Veenstra  Per diem: Europe (EUR 50 per day),,"50 Euro Per Diem - Tuesday, Wednesday, Thursday 80% (breakfast included, Friday",,VCA.1342G,"Flight, hotel and subsistence for travel to Power2Drive conference in Munich & AUTO ISAC conference in Gothenburg CW19 2025 (NOTE currency is USD - but RAKURAKU gives me an error when selecting any other currency)"
,G/L Account,2025/5/6,2025/5/23,2025/6/23,OBA-0000031,72600-10,72600-10,,,11,R-EUR,VCA.1342G,10126,,"è]ã∆àıóßë÷ OBA-0000031 Johan Veenstra  Overseas Travel (Airport Tax, Taxi, Train, Bus fare)",,Bus Shuttle Munich Conference Power2Drive to Munich Airport to go to AUTO ISAC,,VCA.1342G,"Flight, hotel and subsistence for travel to Power2Drive conference in Munich & AUTO ISAC conference in Gothenburg CW19 2025 (NOTE currency is USD - but RAKURAKU gives me an error when selecting any other currency)"
,Vendor,2025/5/6,2025/5/23,2025/6/23,OBA-0000031,,,32200-10,32200-10,11,R-EUR,VCA.1342G,10126,,"è]ã∆àıóßë÷ OBA-0000031 Johan Veenstra  Overseas Travel (Airport Tax, Taxi, Train, Bus fare)",,Bus Shuttle Munich Conference Power2Drive to Munich Airport to go to AUTO ISAC,,VCA.1342G,"Flight, hotel and subsistence for travel to Power2Drive conference in Munich & AUTO ISAC conference in Gothenburg CW19 2025 (NOTE currency is USD - but RAKURAKU gives me an error when selecting any other currency)"
,G/L Account,2025/5/7,2025/5/23,2025/6/23,OBA-0000031,72600-10,72600-10,,,34.06,R-USD,VCA.1342G,10126,,"è]ã∆àıóßë÷ OBA-0000031 Johan Veenstra  Overseas Travel (Airport Tax, Taxi, Train, Bus fare)",,UBER Taxi Gothenburg Airport to Hotel AUTO ISAC,,VCA.1342G,"Flight, hotel and subsistence for travel to Power2Drive conference in Munich & AUTO ISAC conference in Gothenburg CW19 2025 (NOTE currency is USD - but RAKURAKU gives me an error when selecting any other currency)"
,Vendor,2025/5/7,2025/5/23,2025/6/23,OBA-0000031,,,32200-10,32200-10,34.06,R-USD,VCA.1342G,10126,,"è]ã∆àıóßë÷ OBA-0000031 Johan Veenstra  Overseas Travel (Airport Tax, Taxi, Train, Bus fare)",,UBER Taxi Gothenburg Airport to Hotel AUTO ISAC,,VCA.1342G,"Flight, hotel and subsistence for travel to Power2Drive conference in Munich & AUTO ISAC conference in Gothenburg CW19 2025 (NOTE currency is USD - but RAKURAKU gives me an error when selecting any other currency)"
,G/L Account,2025/5/8,2025/5/23,2025/6/23,OBA-0000031,72600-10,72600-10,,,21.59,R-USD,VCA.1342G,10126,,"è]ã∆àıóßë÷ OBA-0000031 Johan Veenstra  Overseas Travel (Airport Tax, Taxi, Train, Bus fare)",,UBER Hotel Gothenburg to AUTO ISAC,,VCA.1342G,"Flight, hotel and subsistence for travel to Power2Drive conference in Munich & AUTO ISAC conference in Gothenburg CW19 2025 (NOTE currency is USD - but RAKURAKU gives me an error when selecting any other currency)"
,Vendor,2025/5/8,2025/5/23,2025/6/23,OBA-0000031,,,32200-10,32200-10,21.59,R-USD,VCA.1342G,10126,,"è]ã∆àıóßë÷ OBA-0000031 Johan Veenstra  Overseas Travel (Airport Tax, Taxi, Train, Bus fare)",,UBER Hotel Gothenburg to AUTO ISAC,,VCA.1342G,"Flight, hotel and subsistence for travel to Power2Drive conference in Munich & AUTO ISAC conference in Gothenburg CW19 2025 (NOTE currency is USD - but RAKURAKU gives me an error when selecting any other currency)"
,G/L Account,2025/5/8,2025/6/9,2025/6/23,VPA-0000189,73300-40,,,,53.72,R-USD,VCA.1342G,10091,,VPA-0000189   Business Entertainment (Activity/Meal/Gift with Customer),,Lunch with Frank Gall ex Ford Executive,20250509,VCA.1342G,Sales Expenses for April 23 to May 30th
,Vendor,2025/5/8,2025/6/9,2025/6/23,VPA-0000189,,,32200-10,32200-10,53.72,R-USD,VCA.1342G,10091,,VPA-0000189   Business Entertainment (Activity/Meal/Gift with Customer),,Lunch with Frank Gall ex Ford Executive,20250509,VCA.1342G,Sales Expenses for April 23 to May 30th
,G/L Account,2025/5/8,2025/6/9,2025/6/23,VPA-0000189,73300-40,,,,11.98,R-USD,VCA.1342G,10091,,VPA-0000189   Business Entertainment (Activity/Meal/Gift with Customer),,Coffee with Roy Gourdy Nissan,2025/5/8,VCA.1342G,Sales Expenses for April 23 to May 30th
,Vendor,2025/5/8,2025/6/9,2025/6/23,VPA-0000189,,,32200-10,32200-10,11.98,R-USD,VCA.1342G,10091,,VPA-0000189   Business Entertainment (Activity/Meal/Gift with Customer),,Coffee with Roy Gourdy Nissan,2025/5/8,VCA.1342G,Sales Expenses for April 23 to May 30th
,G/L Account,2025/5/8,2025/6/9,2025/6/23,VPA-0000189,73300-40,,,,13.31,R-USD,VCA.1342G,10091,,VPA-0000189   Business Entertainment (Activity/Meal/Gift with Customer),,Coffee with vivek venkatachalam CNHI,2025/5/8,VCA.1342G,Sales Expenses for April 23 to May 30th
,Vendor,2025/5/8,2025/6/9,2025/6/23,VPA-0000189,,,32200-10,32200-10,13.31,R-USD,VCA.1342G,10091,,VPA-0000189   Business Entertainment (Activity/Meal/Gift with Customer),,Coffee with vivek venkatachalam CNHI,2025/5/8,VCA.1342G,Sales Expenses for April 23 to May 30th
,G/L Account,2025/5/9,2025/6/13,2025/6/23,APA-0000465,74150-10,,,,340.81,R-USD,VCA.1751G,10129,V-US00003,"APA-0000465 ADP, Inc. Outside Service (Certificate/Notary/Outsourced Service)",,ADP payroll service feeÅb202505,690521913,VCA.1751G,ADP payroll service feeÅb202505
,Vendor,2025/5/9,2025/6/13,2025/6/23,APA-0000465,,,31200-10,31200-10,340.81,R-USD,VCA.1751G,10129,V-US00003,"APA-0000465 ADP, Inc. Outside Service (Certificate/Notary/Outsourced Service)",,ADP payroll service feeÅb202505,690521913,VCA.1751G,ADP payroll service feeÅb202505
,G/L Account,2025/5/12,2025/6/9,2025/6/23,VPA-0000189,73300-40,,,,5.9,R-USD,VCA.1342G,10091,,VPA-0000189   Business Entertainment (Activity/Meal/Gift with Customer),,Coffee with Alex Oyster SBD,20250512,VCA.1342G,Sales Expenses for April 23 to May 30th
,Vendor,2025/5/12,2025/6/9,2025/6/23,VPA-0000189,,,32200-10,32200-10,5.9,R-USD,VCA.1342G,10091,,VPA-0000189   Business Entertainment (Activity/Meal/Gift with Customer),,Coffee with Alex Oyster SBD,20250512,VCA.1342G,Sales Expenses for April 23 to May 30th
,G/L Account,2025/5/12,2025/6/9,2025/6/23,VPA-0000189,74840-10,,,,83,R-USD,VCA.1342G,10091,,VPA-0000189   Lease line/ISDN/Internet Access/ADSL,,Home internet,20250512,VCA.1342G,Sales Expenses for April 23 to May 30th
,Vendor,2025/5/12,2025/6/9,2025/6/23,VPA-0000189,,,32200-10,32200-10,83,R-USD,VCA.1342G,10091,,VPA-0000189   Lease line/ISDN/Internet Access/ADSL,,Home internet,20250512,VCA.1342G,Sales Expenses for April 23 to May 30th
,G/L Account,2025/5/13,2025/5/31,2025/6/23,VPA-0000184,72600-10,72600-30,,,956.96,R-USD,VCA.1342G,10073,,"VPA-0000184   Domestic Travel - Local Airfare, Train, High Speed Rail",,Airfare to Detroit for ESCAR USA 2025 conference,JN74WO,VCA.1342G,Trip to Detroit for ESCAR USA 2025 conference
,Vendor,2025/5/13,2025/5/31,2025/6/23,VPA-0000184,,,32200-10,32200-10,956.96,R-USD,VCA.1342G,10073,,"VPA-0000184   Domestic Travel - Local Airfare, Train, High Speed Rail",,Airfare to Detroit for ESCAR USA 2025 conference,JN74WO,VCA.1342G,Trip to Detroit for ESCAR USA 2025 conference
,G/L Account,2025/5/13,2025/6/9,2025/6/23,VPA-0000189,74200-10,,,,99.99,R-USD,VCA.1342G,10091,,"VPA-0000189   Subscription - Membership, Books, Educational Material",,LinkedIN Navigator Subscription,2025/5/13,VCA.1342G,Sales Expenses for April 23 to May 30th
,Vendor,2025/5/13,2025/6/9,2025/6/23,VPA-0000189,,,32200-10,32200-10,99.99,R-USD,VCA.1342G,10091,,"VPA-0000189   Subscription - Membership, Books, Educational Material",,LinkedIN Navigator Subscription,2025/5/13,VCA.1342G,Sales Expenses for April 23 to May 30th
,G/L Account,2025/5/14,2025/6/9,2025/6/23,VPA-0000189,73300-40,,,,40.39,R-USD,VCA.1342G,10091,,VPA-0000189   Business Entertainment (Activity/Meal/Gift with Customer),,Breakfast with AWS Bill Foy,2025/5/14,VCA.1342G,Sales Expenses for April 23 to May 30th
,Vendor,2025/5/14,2025/6/9,2025/6/23,VPA-0000189,,,32200-10,32200-10,40.39,R-USD,VCA.1342G,10091,,VPA-0000189   Business Entertainment (Activity/Meal/Gift with Customer),,Breakfast with AWS Bill Foy,2025/5/14,VCA.1342G,Sales Expenses for April 23 to May 30th
,G/L Account,2025/5/15,2025/6/10,2025/6/23,VPA-0000194,74840-10,,,,75,R-USD,VCA.1342G,10100,,VPA-0000194   Lease line/ISDN/Internet Access/ADSL,,Internet May Invoice,8529100830754886,VCA.1342G,May Expense Report (ESCAR US + MEMA Purchasing Summit + Customer Mtgs)
,Vendor,2025/5/15,2025/6/10,2025/6/23,VPA-0000194,,,32200-10,32200-10,75,R-USD,VCA.1342G,10100,,VPA-0000194   Lease line/ISDN/Internet Access/ADSL,,Internet May Invoice,8529100830754886,VCA.1342G,May Expense Report (ESCAR US + MEMA Purchasing Summit + Customer Mtgs)
,G/L Account,2025/5/16,2025/6/9,2025/6/23,VPA-0000189,73300-40,,,,45,R-USD,VCA.1342G,10091,,VPA-0000189   Business Entertainment (Activity/Meal/Gift with Customer),,Lunch with GM Monica Mitchell,2025/5/16,VCA.1342G,Sales Expenses for April 23 to May 30th
,Vendor,2025/5/16,2025/6/9,2025/6/23,VPA-0000189,,,32200-10,32200-10,45,R-USD,VCA.1342G,10091,,VPA-0000189   Business Entertainment (Activity/Meal/Gift with Customer),,Lunch with GM Monica Mitchell,2025/5/16,VCA.1342G,Sales Expenses for April 23 to May 30th
,G/L Account,2025/5/19,2025/6/9,2025/6/23,VPA-0000189,73300-40,,,,78,R-USD,VCA.1342G,10091,,VPA-0000189   Business Entertainment (Activity/Meal/Gift with Customer),,Lunch with Frank Gall Executive retired from Ford,2025/5/19,VCA.1342G,Sales Expenses for April 23 to May 30th
,Vendor,2025/5/19,2025/6/9,2025/6/23,VPA-0000189,,,32200-10,32200-10,78,R-USD,VCA.1342G,10091,,VPA-0000189   Business Entertainment (Activity/Meal/Gift with Customer),,Lunch with Frank Gall Executive retired from Ford,2025/5/19,VCA.1342G,Sales Expenses for April 23 to May 30th
,G/L Account,2025/5/20,2025/5/21,2025/6/23,VPA-0000170,75512-10,,,,500,R-USD,VCA.1342G,10073,,VPA-0000170   Marketing Expense - Event - Trade shows/Road show,,Ticket for ESCAR USA 2025 conference,ESCARUSA25116,VCA.1342G,ESCAR 2025 conference from 5/20 to 5/22.
,Vendor,2025/5/20,2025/5/21,2025/6/23,VPA-0000170,,,32200-10,32200-10,500,R-USD,VCA.1342G,10073,,VPA-0000170   Marketing Expense - Event - Trade shows/Road show,,Ticket for ESCAR USA 2025 conference,ESCARUSA25116,VCA.1342G,ESCAR 2025 conference from 5/20 to 5/22.
,G/L Account,2025/5/20,2025/5/23,2025/6/23,VPA-0000172,72600-10,72600-30,,,58.3,R-USD,VCA.1342G,10126,,"VPA-0000172   Domestic Travel - Local Taxi, Petrol Claim, Toll, Parking Lyft Airport to Saint Johns Resort ESCAR",Lyft Airport to Saint Johns Resort ESCAR,Lyft Taxi to Saint John's Resort from DTW Airport,20250522,VCA.1342G,"Lyft, Hotel, Food 
ESCAR Conference 2025 at the Saint Johns Resort, Michigan"
,Vendor,2025/5/20,2025/5/23,2025/6/23,VPA-0000172,,,32200-10,32200-10,58.3,R-USD,VCA.1342G,10126,,"VPA-0000172   Domestic Travel - Local Taxi, Petrol Claim, Toll, Parking Lyft Airport to Saint Johns Resort ESCAR",Lyft Airport to Saint Johns Resort ESCAR,Lyft Taxi to Saint John's Resort from DTW Airport,20250522,VCA.1342G,"Lyft, Hotel, Food 
ESCAR Conference 2025 at the Saint Johns Resort, Michigan"
,G/L Account,2025/5/20,2025/5/23,2025/6/23,VPA-0000172,72600-10,72600-30,,,682.9,R-USD,VCA.1342G,10126,,VPA-0000172   Domestic Travel - Hotel Accommodation ESCAR Conference 2025,ESCAR Conference 2025,Saint John's Resort Hotel Accomodation ESCAR USA Conference 2025,20250522,VCA.1342G,"Lyft, Hotel, Food 
ESCAR Conference 2025 at the Saint Johns Resort, Michigan"
,Vendor,2025/5/20,2025/5/23,2025/6/23,VPA-0000172,,,32200-10,32200-10,682.9,R-USD,VCA.1342G,10126,,VPA-0000172   Domestic Travel - Hotel Accommodation ESCAR Conference 2025,ESCAR Conference 2025,Saint John's Resort Hotel Accomodation ESCAR USA Conference 2025,20250522,VCA.1342G,"Lyft, Hotel, Food 
ESCAR Conference 2025 at the Saint Johns Resort, Michigan"
,G/L Account,2025/5/20,2025/5/23,2025/6/23,VPA-0000172,72600-10,72600-30,,,43.46,R-USD,VCA.1342G,10126,,VPA-0000172   Domestic Travel - Subsistence (Breakfast/Lunch/Dinner) ESCAr Confernece Lunch and drinks with partners/customers,ESCAr Confernece Lunch and drinks with partners/customers,"lunch & drinks with prospects & partners (NXP, Green Hills Software, ETAS, Trustonic)",20250520,VCA.1342G,"Lyft, Hotel, Food 
ESCAR Conference 2025 at the Saint Johns Resort, Michigan"
,Vendor,2025/5/20,2025/5/23,2025/6/23,VPA-0000172,,,32200-10,32200-10,43.46,R-USD,VCA.1342G,10126,,VPA-0000172   Domestic Travel - Subsistence (Breakfast/Lunch/Dinner) ESCAr Confernece Lunch and drinks with partners/customers,ESCAr Confernece Lunch and drinks with partners/customers,"lunch & drinks with prospects & partners (NXP, Green Hills Software, ETAS, Trustonic)",20250520,VCA.1342G,"Lyft, Hotel, Food 
ESCAR Conference 2025 at the Saint Johns Resort, Michigan"
,G/L Account,2025/5/20,2025/5/31,2025/6/23,VPA-0000184,72600-10,72600-30,,,71.88,R-USD,VCA.1342G,10073,,"VPA-0000184   Domestic Travel - Local Taxi, Petrol Claim, Toll, Parking",,Lyft/rideshare/taxi to AUS airport,2085034666019048850,VCA.1342G,Trip to Detroit for ESCAR USA 2025 conference
,Vendor,2025/5/20,2025/5/31,2025/6/23,VPA-0000184,,,32200-10,32200-10,71.88,R-USD,VCA.1342G,10073,,"VPA-0000184   Domestic Travel - Local Taxi, Petrol Claim, Toll, Parking",,Lyft/rideshare/taxi to AUS airport,2085034666019048850,VCA.1342G,Trip to Detroit for ESCAR USA 2025 conference
,G/L Account,2025/5/20,2025/5/31,2025/6/23,VPA-0000184,72600-10,72600-30,,,58.43,R-USD,VCA.1342G,10073,,"VPA-0000184   Domestic Travel - Local Taxi, Petrol Claim, Toll, Parking",,Lyft/rideshare/taxi from DTW airport,2085104495412539596,VCA.1342G,Trip to Detroit for ESCAR USA 2025 conference
,Vendor,2025/5/20,2025/5/31,2025/6/23,VPA-0000184,,,32200-10,32200-10,58.43,R-USD,VCA.1342G,10073,,"VPA-0000184   Domestic Travel - Local Taxi, Petrol Claim, Toll, Parking",,Lyft/rideshare/taxi from DTW airport,2085104495412539596,VCA.1342G,Trip to Detroit for ESCAR USA 2025 conference
,G/L Account,2025/5/20,2025/5/31,2025/6/23,VPA-0000184,72600-10,72600-30,,,18.6,R-USD,VCA.1342G,10073,,VPA-0000184   Domestic Travel - Subsistence (Breakfast/Lunch/Dinner),,Food on 5/20/2025,5/20/2025,VCA.1342G,Trip to Detroit for ESCAR USA 2025 conference
,Vendor,2025/5/20,2025/5/31,2025/6/23,VPA-0000184,,,32200-10,32200-10,18.6,R-USD,VCA.1342G,10073,,VPA-0000184   Domestic Travel - Subsistence (Breakfast/Lunch/Dinner),,Food on 5/20/2025,5/20/2025,VCA.1342G,Trip to Detroit for ESCAR USA 2025 conference
,G/L Account,2025/5/20,2025/6/10,2025/6/23,VPA-0000194,72600-10,72600-30,,,19.4,R-USD,VCA.1342G,10100,,VPA-0000194   Domestic Travel - Subsistence (Breakfast/Lunch/Dinner),,Lunch Inn at St. John ESCAR,000024,VCA.1342G,May Expense Report (ESCAR US + MEMA Purchasing Summit + Customer Mtgs)
,Vendor,2025/5/20,2025/6/10,2025/6/23,VPA-0000194,,,32200-10,32200-10,19.4,R-USD,VCA.1342G,10100,,VPA-0000194   Domestic Travel - Subsistence (Breakfast/Lunch/Dinner),,Lunch Inn at St. John ESCAR,000024,VCA.1342G,May Expense Report (ESCAR US + MEMA Purchasing Summit + Customer Mtgs)
,G/L Account,2025/5/20,2025/6/10,2025/6/23,VPA-0000194,73300-40,,,,36.74,R-USD,VCA.1342G,10100,,VPA-0000194   Business Entertainment (Activity/Meal/Gift with Customer),,"Dinner with Reuben Sarkar (American Center for Mobility, CEO)",58064,VCA.1342G,May Expense Report (ESCAR US + MEMA Purchasing Summit + Customer Mtgs)
,Vendor,2025/5/20,2025/6/10,2025/6/23,VPA-0000194,,,32200-10,32200-10,36.74,R-USD,VCA.1342G,10100,,VPA-0000194   Business Entertainment (Activity/Meal/Gift with Customer),,"Dinner with Reuben Sarkar (American Center for Mobility, CEO)",58064,VCA.1342G,May Expense Report (ESCAR US + MEMA Purchasing Summit + Customer Mtgs)
,G/L Account,2025/5/21,2025/5/31,2025/6/23,VPA-0000184,72600-10,72600-30,,,35.39,R-USD,VCA.1342G,10073,,VPA-0000184   Domestic Travel - Subsistence (Breakfast/Lunch/Dinner),,Food on 5/21/2025,5/21/2025,VCA.1342G,Trip to Detroit for ESCAR USA 2025 conference
,Vendor,2025/5/21,2025/5/31,2025/6/23,VPA-0000184,,,32200-10,32200-10,35.39,R-USD,VCA.1342G,10073,,VPA-0000184   Domestic Travel - Subsistence (Breakfast/Lunch/Dinner),,Food on 5/21/2025,5/21/2025,VCA.1342G,Trip to Detroit for ESCAR USA 2025 conference
,G/L Account,2025/5/22,2025/5/31,2025/6/23,VPA-0000184,72600-10,72600-30,,,56.32,R-USD,VCA.1342G,10073,,"VPA-0000184   Domestic Travel - Local Taxi, Petrol Claim, Toll, Parking",,Lyft/rideshare/taxi to DTW,2085734365916711344,VCA.1342G,Trip to Detroit for ESCAR USA 2025 conference
,Vendor,2025/5/22,2025/5/31,2025/6/23,VPA-0000184,,,32200-10,32200-10,56.32,R-USD,VCA.1342G,10073,,"VPA-0000184   Domestic Travel - Local Taxi, Petrol Claim, Toll, Parking",,Lyft/rideshare/taxi to DTW,2085734365916711344,VCA.1342G,Trip to Detroit for ESCAR USA 2025 conference
,G/L Account,2025/5/22,2025/5/31,2025/6/23,VPA-0000184,72600-10,72600-30,,,70.77,R-USD,VCA.1342G,10073,,"VPA-0000184   Domestic Travel - Local Taxi, Petrol Claim, Toll, Parking",,Lyft/rideshare/taxi from AUS airport,2085826817377943256,VCA.1342G,Trip to Detroit for ESCAR USA 2025 conference
,Vendor,2025/5/22,2025/5/31,2025/6/23,VPA-0000184,,,32200-10,32200-10,70.77,R-USD,VCA.1342G,10073,,"VPA-0000184   Domestic Travel - Local Taxi, Petrol Claim, Toll, Parking",,Lyft/rideshare/taxi from AUS airport,2085826817377943256,VCA.1342G,Trip to Detroit for ESCAR USA 2025 conference
,G/L Account,2025/5/22,2025/5/31,2025/6/23,VPA-0000184,72600-10,72600-30,,,19.63,R-USD,VCA.1342G,10073,,VPA-0000184   Domestic Travel - Subsistence (Breakfast/Lunch/Dinner),,Food on 5/22/2025,5/22/2025,VCA.1342G,Trip to Detroit for ESCAR USA 2025 conference
,Vendor,2025/5/22,2025/5/31,2025/6/23,VPA-0000184,,,32200-10,32200-10,19.63,R-USD,VCA.1342G,10073,,VPA-0000184   Domestic Travel - Subsistence (Breakfast/Lunch/Dinner),,Food on 5/22/2025,5/22/2025,VCA.1342G,Trip to Detroit for ESCAR USA 2025 conference
,G/L Account,2025/5/22,2025/6/9,2025/6/23,VPA-0000189,73300-40,,,,90,R-USD,VCA.1342G,10091,,VPA-0000189   Business Entertainment (Activity/Meal/Gift with Customer),,"Breakfast with Stellantis Bill Mazara, Blockharbor Brandon Barry, and Amadou Kane",2025/5/22,VCA.1342G,Sales Expenses for April 23 to May 30th
,Vendor,2025/5/22,2025/6/9,2025/6/23,VPA-0000189,,,32200-10,32200-10,90,R-USD,VCA.1342G,10091,,VPA-0000189   Business Entertainment (Activity/Meal/Gift with Customer),,"Breakfast with Stellantis Bill Mazara, Blockharbor Brandon Barry, and Amadou Kane",2025/5/22,VCA.1342G,Sales Expenses for April 23 to May 30th
,G/L Account,2025/5/25,2025/6/10,2025/6/23,VPA-0000194,72700-10,,,,36,R-USD,VCA.1342G,10100,,"VPA-0000194   Telephone, Mobile Phone Call",,May Mobile Phone Invoice_Mobile Plan Charges Only,5868733048,VCA.1342G,May Expense Report (ESCAR US + MEMA Purchasing Summit + Customer Mtgs)
,Vendor,2025/5/25,2025/6/10,2025/6/23,VPA-0000194,,,32200-10,32200-10,36,R-USD,VCA.1342G,10100,,"VPA-0000194   Telephone, Mobile Phone Call",,May Mobile Phone Invoice_Mobile Plan Charges Only,5868733048,VCA.1342G,May Expense Report (ESCAR US + MEMA Purchasing Summit + Customer Mtgs)
,G/L Account,2025/5/27,2025/6/20,2025/6/23,VPA-0000199,72600-10,72600-30,,,580.37,R-USD,VCA.1342G,10126,,"VPA-0000199   Domestic Travel - Local Airfare, Train, High Speed Rail",,United Airlines Flight DFW to DTW,20250611,VCA.1342G,"CW23 - COVESA Reception, Block Harbor meeting, Harman Experience 
Flight (United Airlines), Hotel (Four Points Sheraton), Lyft (Taxi) and Per Diem"
,Vendor,2025/5/27,2025/6/20,2025/6/23,VPA-0000199,,,32200-10,32200-10,580.37,R-USD,VCA.1342G,10126,,"VPA-0000199   Domestic Travel - Local Airfare, Train, High Speed Rail",,United Airlines Flight DFW to DTW,20250611,VCA.1342G,"CW23 - COVESA Reception, Block Harbor meeting, Harman Experience 
Flight (United Airlines), Hotel (Four Points Sheraton), Lyft (Taxi) and Per Diem"
,G/L Account,2025/5/28,2025/6/9,2025/6/23,VPA-0000189,73300-40,,,,47,R-USD,VCA.1342G,10091,,VPA-0000189   Business Entertainment (Activity/Meal/Gift with Customer),,Lunch with Tom Harmon Microsoft,2025/5/28,VCA.1342G,Sales Expenses for April 23 to May 30th
,Vendor,2025/5/28,2025/6/9,2025/6/23,VPA-0000189,,,32200-10,32200-10,47,R-USD,VCA.1342G,10091,,VPA-0000189   Business Entertainment (Activity/Meal/Gift with Customer),,Lunch with Tom Harmon Microsoft,2025/5/28,VCA.1342G,Sales Expenses for April 23 to May 30th
,G/L Account,2025/5/28,2025/6/10,2025/6/23,VPA-0000194,73300-40,,,,48.9,R-USD,VCA.1342G,10100,,VPA-0000194   Business Entertainment (Activity/Meal/Gift with Customer),,Lunch with James Crane (HARMAN AES US Business Development Director),08206D,VCA.1342G,May Expense Report (ESCAR US + MEMA Purchasing Summit + Customer Mtgs)
,Vendor,2025/5/28,2025/6/10,2025/6/23,VPA-0000194,,,32200-10,32200-10,48.9,R-USD,VCA.1342G,10100,,VPA-0000194   Business Entertainment (Activity/Meal/Gift with Customer),,Lunch with James Crane (HARMAN AES US Business Development Director),08206D,VCA.1342G,May Expense Report (ESCAR US + MEMA Purchasing Summit + Customer Mtgs)
,G/L Account,2025/5/29,2025/6/10,2025/6/23,VPA-0000194,74700-10,,,,66.95,R-USD,VCA.1342G,10100,,VPA-0000194   Office Rental,,Bamboo Office May Invoice,27383,VCA.1342G,May Expense Report (ESCAR US + MEMA Purchasing Summit + Customer Mtgs)
,Vendor,2025/5/29,2025/6/10,2025/6/23,VPA-0000194,,,32200-10,32200-10,66.95,R-USD,VCA.1342G,10100,,VPA-0000194   Office Rental,,Bamboo Office May Invoice,27383,VCA.1342G,May Expense Report (ESCAR US + MEMA Purchasing Summit + Customer Mtgs)
,G/L Account,2025/5/30,2025/6/9,2025/6/23,VPA-0000189,73300-40,,,,72,R-USD,VCA.1342G,10091,,VPA-0000189   Business Entertainment (Activity/Meal/Gift with Customer),,Lunch Jacob Mathews Dep of Energy,2025/5/30,VCA.1342G,Sales Expenses for April 23 to May 30th
,Vendor,2025/5/30,2025/6/9,2025/6/23,VPA-0000189,,,32200-10,32200-10,72,R-USD,VCA.1342G,10091,,VPA-0000189   Business Entertainment (Activity/Meal/Gift with Customer),,Lunch Jacob Mathews Dep of Energy,2025/5/30,VCA.1342G,Sales Expenses for April 23 to May 30th
,G/L Account,2025/5/30,2025/6/9,2025/6/23,VPA-0000189,72600-10,72600-30,,,3,R-USD,VCA.1342G,10091,,"VPA-0000189   Domestic Travel - Local Taxi, Petrol Claim, Toll, Parking",,Parking at customer meeting in Ann Arbor Dept of Energy meeting,2025/5/30,VCA.1342G,Sales Expenses for April 23 to May 30th
,Vendor,2025/5/30,2025/6/9,2025/6/23,VPA-0000189,,,32200-10,32200-10,3,R-USD,VCA.1342G,10091,,"VPA-0000189   Domestic Travel - Local Taxi, Petrol Claim, Toll, Parking",,Parking at customer meeting in Ann Arbor Dept of Energy meeting,2025/5/30,VCA.1342G,Sales Expenses for April 23 to May 30th
,G/L Account,2025/5/30,2025/6/9,2025/6/23,VPA-0000189,72600-10,72600-30,,,332.22,R-USD,VCA.1342G,10091,,VPA-0000189   Domestic Travel - Mileage Claim,,Mileage for customer meeting and events,2025/5/30,VCA.1342G,Sales Expenses for April 23 to May 30th
,Vendor,2025/5/30,2025/6/9,2025/6/23,VPA-0000189,,,32200-10,32200-10,332.22,R-USD,VCA.1342G,10091,,VPA-0000189   Domestic Travel - Mileage Claim,,Mileage for customer meeting and events,2025/5/30,VCA.1342G,Sales Expenses for April 23 to May 30th
,G/L Account,2025/5/31,2025/6/10,2025/6/23,VPA-0000194,72600-10,72600-30,,,265.3,R-USD,VCA.1342G,10100,,VPA-0000194   Domestic Travel - Mileage Claim,,May Mileage Expenses,20250531,VCA.1342G,May Expense Report (ESCAR US + MEMA Purchasing Summit + Customer Mtgs)
,Vendor,2025/5/31,2025/6/10,2025/6/23,VPA-0000194,,,32200-10,32200-10,265.3,R-USD,VCA.1342G,10100,,VPA-0000194   Domestic Travel - Mileage Claim,,May Mileage Expenses,20250531,VCA.1342G,May Expense Report (ESCAR US + MEMA Purchasing Summit + Customer Mtgs)
,G/L Account,2025/6/2,2025/6/20,2025/6/23,VPA-0000199,72600-10,72600-30,,,145.78,R-USD,VCA.1342G,10126,,VPA-0000199   Domestic Travel - Hotel Accommodation,,"CW23 Hotel Four Points by Sheraton in Nove,MI for COVESA Reception/Block Harbor Meeting/ Harman Experience",20250605,VCA.1342G,"CW23 - COVESA Reception, Block Harbor meeting, Harman Experience 
Flight (United Airlines), Hotel (Four Points Sheraton), Lyft (Taxi) and Per Diem"
,Vendor,2025/6/2,2025/6/20,2025/6/23,VPA-0000199,,,32200-10,32200-10,145.78,R-USD,VCA.1342G,10126,,VPA-0000199   Domestic Travel - Hotel Accommodation,,"CW23 Hotel Four Points by Sheraton in Nove,MI for COVESA Reception/Block Harbor Meeting/ Harman Experience",20250605,VCA.1342G,"CW23 - COVESA Reception, Block Harbor meeting, Harman Experience 
Flight (United Airlines), Hotel (Four Points Sheraton), Lyft (Taxi) and Per Diem"
,G/L Account,2025/6/4,2025/6/20,2025/6/23,VPA-0000199,72600-10,72600-30,,,56.14,R-USD,VCA.1342G,10126,,"VPA-0000199   Domestic Travel - Local Taxi, Petrol Claim, Toll, Parking",,Lyft Taxi Home to DFW for COVESA Reception,20250604,VCA.1342G,"CW23 - COVESA Reception, Block Harbor meeting, Harman Experience 
Flight (United Airlines), Hotel (Four Points Sheraton), Lyft (Taxi) and Per Diem"
,Vendor,2025/6/4,2025/6/20,2025/6/23,VPA-0000199,,,32200-10,32200-10,56.14,R-USD,VCA.1342G,10126,,"VPA-0000199   Domestic Travel - Local Taxi, Petrol Claim, Toll, Parking",,Lyft Taxi Home to DFW for COVESA Reception,20250604,VCA.1342G,"CW23 - COVESA Reception, Block Harbor meeting, Harman Experience 
Flight (United Airlines), Hotel (Four Points Sheraton), Lyft (Taxi) and Per Diem"
,G/L Account,2025/6/5,2025/6/20,2025/6/23,VPA-0000199,72600-10,72600-30,,,68.69,R-USD,VCA.1342G,10126,,"VPA-0000199   Domestic Travel - Local Taxi, Petrol Claim, Toll, Parking",,CW23 Lyft Taxi Detroit Airport to COVESA Reception June 4th,20250605,VCA.1342G,"CW23 - COVESA Reception, Block Harbor meeting, Harman Experience 
Flight (United Airlines), Hotel (Four Points Sheraton), Lyft (Taxi) and Per Diem"
,Vendor,2025/6/5,2025/6/20,2025/6/23,VPA-0000199,,,32200-10,32200-10,68.69,R-USD,VCA.1342G,10126,,"VPA-0000199   Domestic Travel - Local Taxi, Petrol Claim, Toll, Parking",,CW23 Lyft Taxi Detroit Airport to COVESA Reception June 4th,20250605,VCA.1342G,"CW23 - COVESA Reception, Block Harbor meeting, Harman Experience 
Flight (United Airlines), Hotel (Four Points Sheraton), Lyft (Taxi) and Per Diem"
,G/L Account,2025/6/5,2025/6/20,2025/6/23,VPA-0000199,72600-10,72600-30,,,57.93,R-USD,VCA.1342G,10126,,"VPA-0000199   Domestic Travel - Local Taxi, Petrol Claim, Toll, Parking",,Travel to Detroit Airport,20250506,VCA.1342G,"CW23 - COVESA Reception, Block Harbor meeting, Harman Experience 
Flight (United Airlines), Hotel (Four Points Sheraton), Lyft (Taxi) and Per Diem"
,Vendor,2025/6/5,2025/6/20,2025/6/23,VPA-0000199,,,32200-10,32200-10,57.93,R-USD,VCA.1342G,10126,,"VPA-0000199   Domestic Travel - Local Taxi, Petrol Claim, Toll, Parking",,Travel to Detroit Airport,20250506,VCA.1342G,"CW23 - COVESA Reception, Block Harbor meeting, Harman Experience 
Flight (United Airlines), Hotel (Four Points Sheraton), Lyft (Taxi) and Per Diem"
,G/L Account,2025/6/5,2025/6/20,2025/6/23,VPA-0000199,72600-10,72600-30,,,17.67,R-USD,VCA.1342G,10126,,VPA-0000199   Domestic Travel - Subsistence (Breakfast/Lunch/Dinner),,"Breakfast at DFW Airport, Lunch at Detroit Airport",20250605,VCA.1342G,"CW23 - COVESA Reception, Block Harbor meeting, Harman Experience 
Flight (United Airlines), Hotel (Four Points Sheraton), Lyft (Taxi) and Per Diem"
,Vendor,2025/6/5,2025/6/20,2025/6/23,VPA-0000199,,,32200-10,32200-10,17.67,R-USD,VCA.1342G,10126,,VPA-0000199   Domestic Travel - Subsistence (Breakfast/Lunch/Dinner),,"Breakfast at DFW Airport, Lunch at Detroit Airport",20250605,VCA.1342G,"CW23 - COVESA Reception, Block Harbor meeting, Harman Experience 
Flight (United Airlines), Hotel (Four Points Sheraton), Lyft (Taxi) and Per Diem"
,G/L Account,2025/6/6,2025/6/20,2025/6/23,VPA-0000199,72600-10,72600-30,,,30.81,R-USD,VCA.1342G,10126,,"VPA-0000199   Domestic Travel - Local Taxi, Petrol Claim, Toll, Parking",,"Denver Airport layover, flight cancelled, taxi to airport hotel for flight next morning June 6th",20250605,VCA.1342G,"CW23 - COVESA Reception, Block Harbor meeting, Harman Experience 
Flight (United Airlines), Hotel (Four Points Sheraton), Lyft (Taxi) and Per Diem"
,Vendor,2025/6/6,2025/6/20,2025/6/23,VPA-0000199,,,32200-10,32200-10,30.81,R-USD,VCA.1342G,10126,,"VPA-0000199   Domestic Travel - Local Taxi, Petrol Claim, Toll, Parking",,"Denver Airport layover, flight cancelled, taxi to airport hotel for flight next morning June 6th",20250605,VCA.1342G,"CW23 - COVESA Reception, Block Harbor meeting, Harman Experience 
Flight (United Airlines), Hotel (Four Points Sheraton), Lyft (Taxi) and Per Diem"
,G/L Account,2025/6/6,2025/6/20,2025/6/23,VPA-0000199,72600-10,72600-30,,,42.99,R-USD,VCA.1342G,10126,,"VPA-0000199   Domestic Travel - Local Taxi, Petrol Claim, Toll, Parking",,"Taxi to home after COVESA Reception, BH meeting, Harman Experience (Arrived 1 day late due to cancelled flight on the 5th in Denver)",20250506,VCA.1342G,"CW23 - COVESA Reception, Block Harbor meeting, Harman Experience 
Flight (United Airlines), Hotel (Four Points Sheraton), Lyft (Taxi) and Per Diem"
,Vendor,2025/6/6,2025/6/20,2025/6/23,VPA-0000199,,,32200-10,32200-10,42.99,R-USD,VCA.1342G,10126,,"VPA-0000199   Domestic Travel - Local Taxi, Petrol Claim, Toll, Parking",,"Taxi to home after COVESA Reception, BH meeting, Harman Experience (Arrived 1 day late due to cancelled flight on the 5th in Denver)",20250506,VCA.1342G,"CW23 - COVESA Reception, Block Harbor meeting, Harman Experience 
Flight (United Airlines), Hotel (Four Points Sheraton), Lyft (Taxi) and Per Diem"
